{
    "ROUGE": {
        "rouge1": 0.16426564542142943,
        "rouge2": 0.04589633594706163,
        "rougeL": 0.12157914119427082
    },
    "BLEU": 0.01245226337543671,
    "METEOR": 0.21301111009802778,
    "BERTScore": {
        "Precision": 0.631747841835022,
        "Recall": 0.7278318405151367,
        "F1": 0.6760789752006531
    }
}